{"version":1,"config":{"env":{},"webpack":null,"webpackDevMiddleware":null,"eslint":{"ignoreDuringBuilds":false},"typescript":{"ignoreBuildErrors":false,"tsconfigPath":"tsconfig.json"},"distDir":"build","cleanDistDir":true,"assetPrefix":"","configOrigin":"next.config.js","useFileSystemPublicRoutes":true,"generateEtags":true,"pageExtensions":["tsx","ts","jsx","js"],"target":"server","poweredByHeader":true,"compress":true,"analyticsId":"","images":{"deviceSizes":[640,750,828,1080,1200,1920,2048,3840],"imageSizes":[16,32,48,64,96,128,256,384],"path":"/_next/image","loader":"default","loaderFile":"","domains":[],"disableStaticImages":false,"minimumCacheTTL":60,"formats":["image/avif"],"dangerouslyAllowSVG":false,"contentSecurityPolicy":"script-src 'none'; frame-src 'none'; sandbox;","remotePatterns":[],"unoptimized":false},"devIndicators":{"buildActivity":true,"buildActivityPosition":"bottom-right"},"onDemandEntries":{"maxInactiveAge":15000,"pagesBufferLength":2},"amp":{"canonicalBase":""},"basePath":"","sassOptions":{},"trailingSlash":false,"i18n":{"defaultLocale":"en","locales":["en","hi"]},"productionBrowserSourceMaps":false,"optimizeFonts":true,"excludeDefaultMomentLocales":true,"serverRuntimeConfig":{},"publicRuntimeConfig":{},"reactStrictMode":true,"httpAgentOptions":{"keepAlive":true},"outputFileTracing":true,"staticPageGenerationTimeout":60,"swcMinify":true,"experimental":{"optimisticClientCache":true,"manualClientBasePath":false,"legacyBrowsers":false,"newNextLinkBehavior":true,"cpus":3,"sharedPool":true,"profiling":false,"isrFlushToDisk":true,"workerThreads":false,"pageEnv":false,"optimizeCss":false,"nextScriptWorkers":false,"scrollRestoration":false,"externalDir":false,"disableOptimizedLoading":false,"gzipSize":true,"swcFileReading":true,"craCompat":false,"esmExternals":true,"appDir":false,"isrMemoryCacheSize":52428800,"fullySpecified":false,"outputFileTracingRoot":"","swcTraceProfiling":false,"forceSwcTransforms":false,"largePageDataBytes":128000,"enableUndici":false,"adjustFontFallbacks":false,"adjustFontFallbacksWithSizeAdjust":false,"trustHostHeader":false},"configFileName":"next.config.js"},"appDir":"C:\\xmapp-node\\picsart","files":["build\\routes-manifest.json","build\\server\\pages-manifest.json","build\\build-manifest.json","build\\prerender-manifest.json","build\\server\\middleware-manifest.json","build\\react-loadable-manifest.json","build\\server\\font-manifest.json","build\\BUILD_ID"],"ignore":["node_modules\\next\\dist\\compiled\\@ampproject\\toolbox-optimizer\\**\\*"]}