{"pageProps":{"_nextI18Next":{"initialI18nStore":{"hi":{"download":{"canonical":"/hi","h1":"A simple example en","change-locale":"Change locale to \"{{changeTo}}\"","to-second-page":"To second page","error-with-status":"A {{statusCode}} error occurred on server","error-without-status":"An error occurred on the server","title":"PicsArt मॉड एपीके","dec":"PicsArt MOD एपीके नवीनतम संस्करण 2023 डाउनलोड करें पिक्सआर्ट मॉड एपीके फ्री डाउनलोड पिक्सआर्ट गोल्ड","updatedAt":"2023-02-06T09:48:00+00:00","createdAt":"2023-02-06T09:48:00+00:00","summary":"पिक्सआर्ट एमओडी फोटो संपादक नवीनतम संस्करण मुफ्त में डाउनलोड करें।","summary-A":"PicsArt Gold APK (MOD/प्रीमियम अनलॉक)","current-version":"वर्तमान संस्करण","download":"डाउनलोड","icon":"आइकन","h2":"Picsart Mod APK नोट: गोल्ड सुविधाओं का उपयोग करने के लिए लॉगिन आवश्यक नहीं है","disclaimer":"अस्वीकरण: PicsArt, PicsArt Inc. का एक पंजीकृत ट्रेडमार्क है, हम इसका उपयोग केवल शैक्षिक उद्देश्यों के लिए कर रहे हैं।","p":"अब आप PicsArt Mod APK के डाउनलोड पेज पर पहुंच गए हैं, लेकिन इससे पहले कि आप इस एप्लिकेशन को डाउनलोड करना शुरू करें, मैं आपको कुछ महत्वपूर्ण बातें बता दूं।","p2":"विकिपीडिया के अनुसार मोडिंग सॉफ्टवेयर डेवलपमेंट की एक कला है और यह पूरी तरह से कानूनी है, हालाँकि Microsoft और Gameloft जैसी कई बड़ी कंपनियों ने अपने सॉफ़्टवेयर को मॉडिफाई करने के लिए कहा। संशोधित ऐप्स केवल व्यक्तिगत उपयोग के लिए हैं सार्वजनिक उपयोग के लिए नहीं, इसलिए सुनिश्चित करें कि आप उनका उपयोग अपने जोखिम पर करेंगे।","p3":"अनुशंसा करते हैं कि आप इसे Google Play स्टोर से डाउनलोड करें और यहां उनकी प्रीमियम योजनाओं की सदस्यता लें। लेकिन अगर आप एक Android डेवलपर हैं और शैक्षिक उद्देश्यों के लिए इस PicsArt Mod APK का उपयोग करना चाहते हैं तो इसे नीचे दिए गए बटनों से डाउनलोड करें"}},"en":{"download":{"canonical":"","h1":"A simple example en","change-locale":"Change locale to \"{{changeTo}}\"","to-second-page":"To second page","error-with-status":"A {{statusCode}} error occurred on server","error-without-status":"An error occurred on the server","title":"PicsArt Mod APK Free Download","dec":"Download PicsArt MOD APK Latest Version 2023 | PicsArt Mod APK Free Download picsart gold","updatedAt":"2023-02-06T09:48:00+00:00","createdAt":"2023-02-06T09:48:00+00:00","summary":"Download PicsArt MOD Photo Editor Latest Version for free.","summary-A":"PicsArt Gold APK (MOD/Premium Unlocked)","current-version":"Current Version","download":"Download","icon":"Icon","h2":"Picsart Mod APK Note: Login is Not Required to use Gold Features","disclaimer":"Disclaimer: PicsArt is a Registered Trademark of PicsArt Inc. we are using it only for Educational purposes.","p":"Now You have landed the Download Page of PicsArt Mod APK, But Before you start Downloading this Application let me tell you some important things.","p2":"According to Wikipedia Modding is an Art of Software development and it is totally Legal, however many Big Companies like Microsoft and Gameloft Said to mod their software. Modded Apps are only for Personal usage not for public usage, So make sure you will use them at your own risk.","p3":"Recommend you download it from the Google Play store and subscribe to their premium plans here. But if you are A Android Developer and Want to use this PicsArt Mod APK for Educational purposes then Download it from the below buttons"}}},"initialLocale":"hi","ns":["download"],"userConfig":{"debug":false,"i18n":{"defaultLocale":"en","locales":["en","hi"]},"localePath":"C:\\xmapp-node\\picsart\\public\\locales","reloadOnPrerender":false,"default":{"debug":false,"i18n":{"defaultLocale":"en","locales":["en","hi"]},"localePath":"C:\\xmapp-node\\picsart\\public\\locales","reloadOnPrerender":false}}}},"__N_SSG":true}