{"pageProps":{"_nextI18Next":{"initialI18nStore":{"en":{"common":{"canonical":"","h1":"A simple example en","change-locale":"Change locale to \"{{changeTo}}\"","to-second-page":"To second page","error-with-status":"A {{statusCode}} error occurred on server","error-without-status":"An error occurred on the server","title":"PicsArt Mod APK","dec":"Download PicsArt MOD APK Latest Version for Android &amp; Windows with the complete Studio in which you have thousands of Premium Editing Tools.","updatedAt":"2023-02-06T09:48:00+00:00","createdAt":"2023-02-06T09:48:00+00:00","summary":"Download PicsArt MOD Photo Editor Latest Version and unlock all Premium Features for free. The Leading Photo Editor for Android Smartphones.","summary-A":"Gold Membership Activated | 100% Ads Removed | Remove BG Support","current-version":"Current Version","download":"Download","icon":"Icon","downloadpage":"/download","additional-information":"Additional Information","article":{"about":{"h2":"About PicsArt Photo Editor APK","p":"<p><strong>PicsArt Mod Apk:</strong> This is the most widely used photo editing app for Android smartphones. Get all the premium options without a watermark for free. PicsArt Mod APK is available for free Download from our website.</p><p>Become a professional editor with advanced features like effects, collages, a free clip art library, animations, custom stickers, and drawing tools.</p>","p2":"<p>PicsArt is the best photo editor app for Android users according to AndroidAuthority. For photographers and mobile photo editors, PicsArt is the king of all editing tools.</p><p>It provides pro-level control over photo editing that is only available to PC photo editors. Image editing is an art, but it would never be possible without powerful photo editing tools like PicsArt Mod APK.</p><p>Today in this post, I will share with you the latest version of the PicsArt Gold Mod APK for free. PicsArt is part of your photos every moment, so edit them carefully with artistic photo filters including photo frames collages and masks.</p>"},"mod":{"h2":"What is PicsArt Mod APK?","p":"<p><strong>PicsArt MOD is a modified version of PicsArt Photo Editor:</strong> Pic, Video & Collage Maker APP. Certain features are limited or limited to free trial users. You have to pay to unlock them.</p><p>This is a fully modified premium ad-free APK that provides you with all the professional tools to make your photos or images more professional than others. This APK also gives you access to thousands of stickers, fonts, framed collages</p>","p2":"<p>With over 800 million downloads, PicsArt is the #1 photo editing app. Smartphones are mainly used for making calls, and PCs are used for professional work such as video editing and graphics-related work (photo editing).<p/><p>But with PicsArt professional-grade effects, photo collages, stylish font collections, and pre-made stylized picture collage templates, you can edit like a computer.<p/>"},"gold":{"h2":"What is PicsArt Gold APK?","p":"<p><strong>PicsArt MOD is a modified version of PicsArt Photo Editor:</strong> Pic, Video & Collage Maker APP. Certain features are limited or limited to free trial users. You have to pay to unlock them.</p>","p2":"<p>This is a fully modified premium ad-free APK that provides you with all the professional tools to make your photos or images more professional than others. This APK also gives you access to thousands of stickers, fonts, framed collages</p>"},"keyf":{"h2":"Some Key Features of PixArt Gold Mod APK","p":"PicsArt provides almost 90% photo editing tools and features, you need some editing skills to become an expert in this app. Also, PicsArt is the social media for photo editing all over the world, so you can get unlimited ideas from there. Below I have mentioned all the cool features of this PicsArt Mod APK.","list":{"a":"Beautify Selfies.","b":"RAW file editing.","c":"Image Background removing.","d":"Editing and Remixing any Photos.","e":"You can control Exposure and transparency.","f":"Free Unlimited Fonts, Stickers, Effects & Frames","g":"With PicsArt you will able to edit PNG Image also.","h":"Photo crop, stretch, clone, add text & adjust curves.","i":"Professional drawing tools help you to Draw your arts.","j":"PicsArt allows you to Edit images via Layer like Photoshop.","k":"You can make custom Stickers for WhatsApp by remixing different images.","l":"All tools have a brush mode for applying selectively on just part of your photo.","m":"Attach beautiful borders, masks, different images, and objects in the same project.","n":"It has Artistic photo filters including HDR, frames, backgrounds, borders, callouts & more."}},"howto":{"h2":"How to Download PicsArt Gold APK for Free","p":"As you know, PicsArt Gold is a paid APK in the Google Play Store. To use it for free, you need to install PicsArt Mod APK. It provides you with all the premium features without paying a penny. Now follow our guide to install it on your Android phone.","a":"Enable Unknown Sources.","b":"Download the file from the download links available.","c":"Locate the file and install the App on your device.","d":"Open the App, make all the necessary settings if prompted on the screen.","e":"Done! Enjoy PicsArt Gold Membership for free."},"download":{"h2":"Download PicsArt Mod APK Free for Android","p":"It's time to download PicsArt Gold APK latest version which is a modified version of PicsArt Premium version. Download for your Android device.","note":"<strong>Note:</strong> To Avail of Premium Gold Features you need to Register with Email and Password only.","info":{"name":"Name","genres":"Genres","Version":"Version","install":"Install","developer":"Developer","requires":"Requires","size":"Size","mod-features":"Mod Features","Updated":"Updated","info":{"name":"PicsArt Mod APK","genres":"Photography","Version":"21.0.1","install":"500,000,000+","developer":" PicsArt, Inc","requires":"5.0","size":"67 MB","mod-features":"Gold Membership Unlocked","Updated":"A few days ago","download":"Download Page"}}},"windows":{"h2":"PicsArt for Windows PC","p":"Using the link above you can download and use PicsArt Mod APK for free with all advanced filters, frames, fonts and styles enabled. No watermark, no restrictions on any tools. This is the most popular and powerful photo editing app for Android smartphones.","p2":"Do Let us know your Valuable Feedback in the Comment section below So that we can improve our service.","q":"<strong>Personal opinion: :</strong> good! PicsArt has the potential to be the best editing app out there. In fact, it would have earned a five-star rating if I didn't have to pay for the premium version. Overall, I like the variety of editing tools and sharing platforms. I used to love that. I've made some really cool artwork and various edits from my friends. But any recent changes have made it nearly impossible for me to blend faces, make smooth edits, etc. I hope this app gets more interesting as time goes on.","q2":"<strong>Note: :</strong> Also, bookmark this website [https://www.picsart.cc/] for future updates of PicsArt Mod APK. PicsArt releases monthly updates with new features and bug fixes.","q3":"<strong>DMCA: :</strong> DMCA: PicsArt.cc complies with 17 U.S.C. * 512 and the Digital Millennium Copyright Act (DMCA). It is our policy to respond to all reports of violations and take appropriate action. If you have copyrighted material that has been posted on the site and you would like that material removed, please contact us.","download":"Download .exe File"},"opinion":{"h2":"Opinion For PicsArt Mod APK","p":"Using the link above you can download and use PicsArt Mod APK for free with all advanced filters, frames, fonts and styles enabled. No watermark, no restrictions on any tools. This is the most popular and powerful photo editing app for Android smartphones.","p2":"Do Let us know your Valuable Feedback in the Comment section below So that we can improve our service.","q":"<strong>Personal opinion: :</strong> good! PicsArt has the potential to be the best editing app out there. In fact, it would have earned a five-star rating if I didn't have to pay for the premium version. Overall, I like the variety of editing tools and sharing platforms. I used to love that. I've made some really cool artwork and various edits from my friends. But any recent changes have made it nearly impossible for me to blend faces, make smooth edits, etc. I hope this app gets more interesting as time goes on.","q2":"<strong>Note: :</strong> Also, bookmark this website [https://www.picsart.cc/] for future updates of PicsArt Mod APK. PicsArt releases monthly updates with new features and bug fixes.","q3":"<strong>DMCA: :</strong> DMCA: PicsArt.cc complies with 17 U.S.C. * 512 and the Digital Millennium Copyright Act (DMCA). It is our policy to respond to all reports of violations and take appropriate action. If you have copyrighted material that has been posted on the site and you would like that material removed, please contact us."},"ssg":{"question":"Do you want to use SSG (next export)?","answer":"Then you may have a look at <1>this blog post</1>.","link":"https://locize.com/blog/next-i18n-static/"}}}}},"initialLocale":"en","ns":["common"],"userConfig":{"debug":false,"i18n":{"defaultLocale":"en","locales":["en","hi"]},"localePath":"C:\\xmapp-node\\picsart\\public\\locales","reloadOnPrerender":false,"default":{"debug":false,"i18n":{"defaultLocale":"en","locales":["en","hi"]},"localePath":"C:\\xmapp-node\\picsart\\public\\locales","reloadOnPrerender":false}}}},"__N_SSG":true}