{"pageProps":{"_nextI18Next":{"initialI18nStore":{"hi":{"common":{"canonical":"/hi","h1":"jgjgjgj jjgjjj","change-locale":"Sprache wechseln zu \"{{changeTo}}\"","to-second-page":"Zur zweiten Seite","error-with-status":"Auf dem Server ist ein Fehler ({{statusCode}}) aufgetreten","error-without-status":"Auf dem Server ist ein Fehler aufgetreten","title":"PicsArt मॉड एपीके का नया संस्करण डाउनलोड करें ","summary":"PicsArt MOD APK - पिक्सआर्ट फोटो एडिटर ऐप का लेटेस्ट संस्करण डाउनलोड करें और सभी प्रीमियम सुविधाओं को मुफ्त में अनलॉक करें। एंड्रॉइड स्मार्टफोन के लिए सबसे अच्छा फ़ोटो संपादक ऐप।","summary-A":"गोल्ड सदस्यता के साथ | 100% विज्ञापन हटाए दिया गया हैं। | बैकग्राउंड रिमूवर के साथ ","current-version":"वर्तमान संस्करण","download":"डाउनलोड","icon":"आइकन","downloadpage":"/download","additional-information":"अतिरिक्त जानकारी","article":{"about":{"h2":"PicsArt फोटो संपादक Android ऐप के बारे में","p":"<strong>PicsArt Mod Apk:</strong> यह एंड्रॉइड स्मार्टफोन के लिए सबसे लोकप्रिय फोटो एडिटिंग ऐप है।  वॉटरमार्क के बिना सभी प्रीमियम विकल्प मुफ्त में प्राप्त करें।  हमारी वेबसाइट से PicsArt मॉड एपीके मुफ्त में डाउनलोड करें।","p-a":"इसके प्रीमियम फीचर्स जैसे कि इफेक्ट्स, कोलाज, फ्री क्लिपआर्ट लाइब्रेरी, एनिमेशन, यूजर-निर्मित स्टिकर्स और ड्रॉइंग टूल्स की मदद से आप एक प्रो एडिटर होंगे।","p2":"AndroidAuthority के अनुसार PicsArt Android उपयोगकर्ताओं के लिए सर्वश्रेष्ठ फोटो संपादकों में से एक है। फ़ोटोग्राफ़रों और मोबाइल फ़ोटो संपादकों के लिए, PicsArt सभी संपादन टूल का बादशाह है।","p2-a":"यह फोटो संपादन पर प्रो-लेवल नियंत्रण प्रदान करता है जो केवल पीसी फोटो संपादकों के लिए उपलब्ध है। छवि संपादन एक कला है, लेकिन PicsArt Mod APK जैसे शक्तिशाली फोटो संपादन उपकरण के बिना यह कभी भी संभव नहीं होगा।","p3":"आज इस पोस्ट में, मैं आपके साथ PicsArt Gold Mod APK का नया संस्करण निःशुल्क साझा करूँगा। PicsArt हर पल आपकी तस्वीरों का हिस्सा है, इसलिए फोटो फ्रेम कोलाज और मास्क सहित कलात्मक फोटो फिल्टर के साथ उन्हें सावधानी से संपादित करें।"},"mod":{"h2":"PicsArt मॉड एप क्या है?","p":"<strong>PicsArt MOD is a modified version of PicsArt Photo Editor:</strong>Pic, Video और Collage Maker APP का एक संशोधित संस्करण है। कुछ सुविधाएँ मुफ़्त परीक्षण उपयोगकर्ताओं के लिए सीमित या सीमित हैं। उन्हें अनलॉक करने के लिए आपको भुगतान करना होगा।","p-a":"यह पूरी तरह से संशोधित प्रीमियम विज्ञापन-मुक्त एपीके है जो आपको अपनी तस्वीरों या छवियों को दूसरों की तुलना में अधिक पेशेवर बनाने के लिए सभी पेशेवर उपकरण प्रदान करता है। यह एपीके आपको हजारों स्टिकर, फोंट, फ़्रेमयुक्त कोलाज तक पहुंच प्रदान करता है","p2":"800 मिलियन से अधिक डाउनलोड के साथ, PicsArt #1 फ़ोटो संपादन ऐप है। स्मार्टफोन का इस्तेमाल मुख्य रूप से कॉल करने के लिए किया जाता है और पीसी का इस्तेमाल प्रोफेशनल काम जैसे वीडियो एडिटिंग और ग्राफिक्स से जुड़े काम (फोटो एडिटिंग) के लिए किया जाता है। ","p2-a":"लेकिन PicsArt पेशेवर-ग्रेड प्रभाव, फोटो कोलाज, स्टाइलिश फ़ॉन्ट संग्रह, और पूर्व-निर्मित शैलीकृत चित्र कोलाज टेम्पलेट्स के साथ, आप एक कंप्यूटर की तरह संपादित कर सकते हैं।"},"gold":{"h2":"PicsArt Gold APK क्या है?","p":"<strong>PicsArt MOD, PicsArt Photo Editor का एक संशोधित संस्करण है:</strong> तस्वीर, वीडियो और कोलाज़ निर्माता एपीपी। कुछ सुविधाएँ मुफ़्त परीक्षण उपयोगकर्ताओं के लिए सीमित या सीमित हैं। उन्हें अनलॉक करने के लिए आपको भुगतान करना होगा।","p-a":"यह पूरी तरह से संशोधित प्रीमियम विज्ञापन-मुक्त एपीके है जो आपको अपनी तस्वीरों या छवियों को दूसरों की तुलना में अधिक पेशेवर बनाने के लिए सभी पेशेवर उपकरण प्रदान करता है। यह एपीके आपको हजारों स्टिकर, फोंट, फ़्रेमयुक्त कोलाज तक पहुंच प्रदान करता है"},"keyf":{"h2":"पिक्सआर्ट गोल्ड मॉड एपीके की कुछ प्रमुख विशेषताएं","p":"PicsArt लगभग 90% फोटो संपादन उपकरण और सुविधाएँ प्रदान करता है, इस ऐप में विशेषज्ञ बनने के लिए आपको कुछ संपादन कौशल की आवश्यकता होती है। इसके अलावा, PicsArt पूरी दुनिया में फोटो एडिटिंग के लिए सोशल मीडिया है, इसलिए आप वहां से असीमित विचार प्राप्त कर सकते हैं। नीचे मैंने इस PicsArt Mod APK की सभी शानदार विशेषताओं का उल्लेख किया है।","list":{"a":"सुशोभित सेल्फी।","b":"रॉ फ़ाइल संपादन।","c":"छवि पृष्ठभूमि निकाल रहा है।","d":"किसी भी फोटो को एडिट और रीमिक्स करना।","e":"आप एक्सपोजर और पारदर्शिता को नियंत्रित कर सकते हैं।","f":"नि:शुल्क असीमित फ़ॉन्ट्स, स्टिकर, प्रभाव और फ्रेम","g":"PicsArt से आप PNG इमेज को भी एडिट कर पाएंगे।","h":"फोटो क्रॉप, स्ट्रेच, क्लोन, टेक्स्ट जोड़ें और कर्व्स एडजस्ट करें।","i":"पेशेवर आरेखण उपकरण आपकी कलाओं को आरेखित करने में आपकी सहायता करते हैं।","j":"PicsArt आपको फोटोशॉप की तरह लेयर के जरिए छवियों को संपादित करने की अनुमति देता है।","k":"आप अलग-अलग छवियों को रीमिक्स करके व्हाट्सएप के लिए कस्टम स्टिकर बना सकते हैं।","l":"आपकी तस्वीर के सिर्फ हिस्से पर चुनिंदा रूप से लगाने के लिए सभी टूल्स में ब्रश मोड होता है।","m":"एक ही प्रोजेक्ट में खूबसूरत बॉर्डर, मास्क, अलग-अलग इमेज और ऑब्जेक्ट अटैच करें।","n":"इसमें एचडीआर, फ्रेम, बैकग्राउंड, बॉर्डर, कॉलआउट और बहुत कुछ सहित कलात्मक फोटो फिल्टर हैं।"}},"howto":{"h2":"PicsArt Gold एपीके को मुफ्त में कैसे डाउनलोड करें","p":"जैसा कि आप जानते हैं, PicsArt Gold Google Play Store में एक पेड एपीके है। इसे मुफ्त में उपयोग करने के लिए, आपको PicsArt Mod APK इंस्टॉल करना होगा। यह आपको बिना एक पैसा चुकाए सभी प्रीमियम सुविधाएं प्रदान करता है। अब इसे अपने Android फोन पर स्थापित करने के लिए हमारे गाइड का पालन करें।","a":"अज्ञात स्रोतों को सक्षम करें।","b":"उपलब्ध डाउनलोड लिंक से फ़ाइल डाउनलोड करें।","c":"फ़ाइल का पता लगाएँ और अपने डिवाइस पर ऐप इंस्टॉल करें।","d":"ऐप खोलें, स्क्रीन पर संकेत मिलने पर सभी आवश्यक सेटिंग्स करें।","e":"पूर्ण! PicsArt गोल्ड सदस्यता का निःशुल्क आनंद लें।"},"download":{"h2":"Android के लिए PicsArt मॉड APK निःशुल्क डाउनलोड करें","p":"PicsArt Gold APK के नवीनतम संस्करण को डाउनलोड करने का समय आ गया है जो PicsArt प्रीमियम संस्करण का एक संशोधित संस्करण है। अपने Android डिवाइस के लिए डाउनलोड करें।","note":"<strong>नोट:<//strong> प्रीमियम गोल्ड सुविधाओं का लाभ उठाने के लिए आपको केवल ईमेल और पासवर्ड के साथ पंजीकरण करना होगा।","info":{"name":"Name","genres":"Genres","Version":"Version","install":"Install","developer":"Developer","requires":"Requires","size":"Size","mod-features":"Mod Features","Updated":"Updated","info":{"name":"PicsArt Mod APK","genres":"Photography","Version":"21.0.1","install":"500,000,000+","developer":" PicsArt, Inc","requires":"5.0","size":"67 MB","mod-features":"Gold Membership Unlocked","Updated":"A few days ago","download":"Download Page"}}},"windows":{"h2":"विंडोज़ पीसी के लिए पिक्सआर्ट","p":"ऊपर दिए गए लिंक का उपयोग करके आप PicsArt Mod APK को मुफ्त में डाउनलोड और उपयोग कर सकते हैं, जिसमें सभी उन्नत फ़िल्टर, फ़्रेम, फ़ॉन्ट और शैलियाँ सक्षम हैं। कोई वॉटरमार्क नहीं, किसी भी उपकरण पर कोई प्रतिबंध नहीं। यह एंड्रॉइड स्मार्टफोन के लिए सबसे लोकप्रिय और शक्तिशाली फोटो एडिटिंग ऐप है।","p2":"हमें अपनी बहुमूल्य प्रतिक्रिया नीचे टिप्पणी अनुभाग में बताएं ताकि हम अपनी सेवा में सुधार कर सकें।","q":"<strong>व्यक्तिगत राय: :<//strong> अच्छा! PicsArt में सबसे अच्छा संपादन ऐप बनने की क्षमता है। वास्तव में, अगर मुझे प्रीमियम संस्करण के लिए भुगतान नहीं करना पड़ता तो यह पांच सितारा रेटिंग अर्जित करता। कुल मिलाकर, मुझे विभिन्न प्रकार के संपादन उपकरण और साझाकरण प्लेटफ़ॉर्म पसंद हैं। मुझे वह पसंद था। मैंने अपने दोस्तों से वास्तव में कुछ बढ़िया कलाकृति और विभिन्न संपादन किए हैं। लेकिन हाल के किसी भी बदलाव ने मेरे लिए चेहरों को मिलाना, सहज संपादन करना आदि को लगभग असंभव बना दिया है। मुझे उम्मीद है कि समय बीतने के साथ यह ऐप और दिलचस्प होता जाएगा।","q2":"<strong>नोट: :<//strong> साथ ही, PicsArt Mod APK के भविष्य के अपडेट के लिए इस वेबसाइट [https://www.picsart.site/] को बुकमार्क कर लें। PicsArt नई सुविधाओं और बग फिक्स के साथ मासिक अपडेट जारी करता है।","q3":"<strong>DMCA: :<//strong> DMCA: PicsArt.cc 17 U.S.C का अनुपालन करता है। * 512 और डिजिटल मिलेनियम कॉपीराइट एक्ट (DMCA)। उल्लंघन की सभी रिपोर्टों का जवाब देना और उचित कार्रवाई करना हमारी नीति है। यदि आपके पास कॉपीराइट की गई सामग्री है जिसे साइट पर पोस्ट किया गया है और आप चाहते हैं कि वह सामग्री हटा दी जाए, तो कृपया हमसे संपर्क करें।","download":".exe फ़ाइल डाउनलोड करें"},"opinion":{"h2":"PicsArt मॉड एपीके के लिए राय","p":"ऊपर दिए गए लिंक का उपयोग करके आप PicsArt Mod APK को मुफ्त में डाउनलोड और उपयोग कर सकते हैं, जिसमें सभी उन्नत फ़िल्टर, फ़्रेम, फ़ॉन्ट और शैलियाँ सक्षम हैं। कोई वॉटरमार्क नहीं, किसी भी उपकरण पर कोई प्रतिबंध नहीं। यह एंड्रॉइड स्मार्टफोन के लिए सबसे लोकप्रिय और शक्तिशाली फोटो एडिटिंग ऐप है।","p2":"हमें अपनी बहुमूल्य प्रतिक्रिया नीचे टिप्पणी अनुभाग में बताएं ताकि हम अपनी सेवा में सुधार कर सकें।","q":"<strong>व्यक्तिगत राय: :<//strong> अच्छा! PicsArt में सबसे अच्छा संपादन ऐप बनने की क्षमता है। वास्तव में, अगर मुझे प्रीमियम संस्करण के लिए भुगतान नहीं करना पड़ता तो यह पांच सितारा रेटिंग अर्जित करता। कुल मिलाकर, मुझे विभिन्न प्रकार के संपादन उपकरण और साझाकरण प्लेटफ़ॉर्म पसंद हैं। मुझे वह पसंद था। मैंने अपने दोस्तों से वास्तव में कुछ बढ़िया कलाकृति और विभिन्न संपादन किए हैं। लेकिन हाल के किसी भी बदलाव ने मेरे लिए चेहरों को मिलाना, सहज संपादन करना आदि को लगभग असंभव बना दिया है। मुझे उम्मीद है कि समय बीतने के साथ यह ऐप और दिलचस्प होता जाएगा।","q2":"<strong>नोट: :<//strong> साथ ही, PicsArt Mod APK के भविष्य के अपडेट के लिए इस वेबसाइट [https://www.picsart.site/] को बुकमार्क कर लें। PicsArt नई सुविधाओं और बग फिक्स के साथ मासिक अपडेट जारी करता है।","q3":"<strong>DMCA: :<//strong> DMCA: PicsArt.cc 17 U.S.C का अनुपालन करता है। * 512 और डिजिटल मिलेनियम कॉपीराइट एक्ट (DMCA)। उल्लंघन की सभी रिपोर्टों का जवाब देना और उचित कार्रवाई करना हमारी नीति है। यदि आपके पास कॉपीराइट की गई सामग्री है जिसे साइट पर पोस्ट किया गया है और आप चाहते हैं कि वह सामग्री हटा दी जाए, तो कृपया हमसे संपर्क करें।"}}}},"en":{"common":{"canonical":"","h1":"A simple example en","change-locale":"Change locale to \"{{changeTo}}\"","to-second-page":"To second page","error-with-status":"A {{statusCode}} error occurred on server","error-without-status":"An error occurred on the server","title":"PicsArt Mod APK","dec":"Download PicsArt MOD APK Latest Version for Android &amp; Windows with the complete Studio in which you have thousands of Premium Editing Tools.","updatedAt":"2023-02-06T09:48:00+00:00","createdAt":"2023-02-06T09:48:00+00:00","summary":"Download PicsArt MOD Photo Editor Latest Version and unlock all Premium Features for free. The Leading Photo Editor for Android Smartphones.","summary-A":"Gold Membership Activated | 100% Ads Removed | Remove BG Support","current-version":"Current Version","download":"Download","icon":"Icon","downloadpage":"/download","additional-information":"Additional Information","article":{"about":{"h2":"About PicsArt Photo Editor APK","p":"<p><strong>PicsArt Mod Apk:</strong> This is the most widely used photo editing app for Android smartphones. Get all the premium options without a watermark for free. PicsArt Mod APK is available for free Download from our website.</p><p>Become a professional editor with advanced features like effects, collages, a free clip art library, animations, custom stickers, and drawing tools.</p>","p2":"<p>PicsArt is the best photo editor app for Android users according to AndroidAuthority. For photographers and mobile photo editors, PicsArt is the king of all editing tools.</p><p>It provides pro-level control over photo editing that is only available to PC photo editors. Image editing is an art, but it would never be possible without powerful photo editing tools like PicsArt Mod APK.</p><p>Today in this post, I will share with you the latest version of the PicsArt Gold Mod APK for free. PicsArt is part of your photos every moment, so edit them carefully with artistic photo filters including photo frames collages and masks.</p>"},"mod":{"h2":"What is PicsArt Mod APK?","p":"<p><strong>PicsArt MOD is a modified version of PicsArt Photo Editor:</strong> Pic, Video & Collage Maker APP. Certain features are limited or limited to free trial users. You have to pay to unlock them.</p><p>This is a fully modified premium ad-free APK that provides you with all the professional tools to make your photos or images more professional than others. This APK also gives you access to thousands of stickers, fonts, framed collages</p>","p2":"<p>With over 800 million downloads, PicsArt is the #1 photo editing app. Smartphones are mainly used for making calls, and PCs are used for professional work such as video editing and graphics-related work (photo editing).<p/><p>But with PicsArt professional-grade effects, photo collages, stylish font collections, and pre-made stylized picture collage templates, you can edit like a computer.<p/>"},"gold":{"h2":"What is PicsArt Gold APK?","p":"<p><strong>PicsArt MOD is a modified version of PicsArt Photo Editor:</strong> Pic, Video & Collage Maker APP. Certain features are limited or limited to free trial users. You have to pay to unlock them.</p>","p2":"<p>This is a fully modified premium ad-free APK that provides you with all the professional tools to make your photos or images more professional than others. This APK also gives you access to thousands of stickers, fonts, framed collages</p>"},"keyf":{"h2":"Some Key Features of PixArt Gold Mod APK","p":"PicsArt provides almost 90% photo editing tools and features, you need some editing skills to become an expert in this app. Also, PicsArt is the social media for photo editing all over the world, so you can get unlimited ideas from there. Below I have mentioned all the cool features of this PicsArt Mod APK.","list":{"a":"Beautify Selfies.","b":"RAW file editing.","c":"Image Background removing.","d":"Editing and Remixing any Photos.","e":"You can control Exposure and transparency.","f":"Free Unlimited Fonts, Stickers, Effects & Frames","g":"With PicsArt you will able to edit PNG Image also.","h":"Photo crop, stretch, clone, add text & adjust curves.","i":"Professional drawing tools help you to Draw your arts.","j":"PicsArt allows you to Edit images via Layer like Photoshop.","k":"You can make custom Stickers for WhatsApp by remixing different images.","l":"All tools have a brush mode for applying selectively on just part of your photo.","m":"Attach beautiful borders, masks, different images, and objects in the same project.","n":"It has Artistic photo filters including HDR, frames, backgrounds, borders, callouts & more."}},"howto":{"h2":"How to Download PicsArt Gold APK for Free","p":"As you know, PicsArt Gold is a paid APK in the Google Play Store. To use it for free, you need to install PicsArt Mod APK. It provides you with all the premium features without paying a penny. Now follow our guide to install it on your Android phone.","a":"Enable Unknown Sources.","b":"Download the file from the download links available.","c":"Locate the file and install the App on your device.","d":"Open the App, make all the necessary settings if prompted on the screen.","e":"Done! Enjoy PicsArt Gold Membership for free."},"download":{"h2":"Download PicsArt Mod APK Free for Android","p":"It's time to download PicsArt Gold APK latest version which is a modified version of PicsArt Premium version. Download for your Android device.","note":"<strong>Note:</strong> To Avail of Premium Gold Features you need to Register with Email and Password only.","info":{"name":"Name","genres":"Genres","Version":"Version","install":"Install","developer":"Developer","requires":"Requires","size":"Size","mod-features":"Mod Features","Updated":"Updated","info":{"name":"PicsArt Mod APK","genres":"Photography","Version":"21.0.1","install":"500,000,000+","developer":" PicsArt, Inc","requires":"5.0","size":"67 MB","mod-features":"Gold Membership Unlocked","Updated":"A few days ago","download":"Download Page"}}},"windows":{"h2":"PicsArt for Windows PC","p":"Using the link above you can download and use PicsArt Mod APK for free with all advanced filters, frames, fonts and styles enabled. No watermark, no restrictions on any tools. This is the most popular and powerful photo editing app for Android smartphones.","p2":"Do Let us know your Valuable Feedback in the Comment section below So that we can improve our service.","q":"<strong>Personal opinion: :</strong> good! PicsArt has the potential to be the best editing app out there. In fact, it would have earned a five-star rating if I didn't have to pay for the premium version. Overall, I like the variety of editing tools and sharing platforms. I used to love that. I've made some really cool artwork and various edits from my friends. But any recent changes have made it nearly impossible for me to blend faces, make smooth edits, etc. I hope this app gets more interesting as time goes on.","q2":"<strong>Note: :</strong> Also, bookmark this website [https://www.picsart.cc/] for future updates of PicsArt Mod APK. PicsArt releases monthly updates with new features and bug fixes.","q3":"<strong>DMCA: :</strong> DMCA: PicsArt.cc complies with 17 U.S.C. * 512 and the Digital Millennium Copyright Act (DMCA). It is our policy to respond to all reports of violations and take appropriate action. If you have copyrighted material that has been posted on the site and you would like that material removed, please contact us.","download":"Download .exe File"},"opinion":{"h2":"Opinion For PicsArt Mod APK","p":"Using the link above you can download and use PicsArt Mod APK for free with all advanced filters, frames, fonts and styles enabled. No watermark, no restrictions on any tools. This is the most popular and powerful photo editing app for Android smartphones.","p2":"Do Let us know your Valuable Feedback in the Comment section below So that we can improve our service.","q":"<strong>Personal opinion: :</strong> good! PicsArt has the potential to be the best editing app out there. In fact, it would have earned a five-star rating if I didn't have to pay for the premium version. Overall, I like the variety of editing tools and sharing platforms. I used to love that. I've made some really cool artwork and various edits from my friends. But any recent changes have made it nearly impossible for me to blend faces, make smooth edits, etc. I hope this app gets more interesting as time goes on.","q2":"<strong>Note: :</strong> Also, bookmark this website [https://www.picsart.cc/] for future updates of PicsArt Mod APK. PicsArt releases monthly updates with new features and bug fixes.","q3":"<strong>DMCA: :</strong> DMCA: PicsArt.cc complies with 17 U.S.C. * 512 and the Digital Millennium Copyright Act (DMCA). It is our policy to respond to all reports of violations and take appropriate action. If you have copyrighted material that has been posted on the site and you would like that material removed, please contact us."},"ssg":{"question":"Do you want to use SSG (next export)?","answer":"Then you may have a look at <1>this blog post</1>.","link":"https://locize.com/blog/next-i18n-static/"}}}}},"initialLocale":"hi","ns":["common"],"userConfig":{"debug":false,"i18n":{"defaultLocale":"en","locales":["en","hi"]},"localePath":"C:\\xmapp-node\\picsart\\public\\locales","reloadOnPrerender":false,"default":{"debug":false,"i18n":{"defaultLocale":"en","locales":["en","hi"]},"localePath":"C:\\xmapp-node\\picsart\\public\\locales","reloadOnPrerender":false}}}},"__N_SSG":true}