{"pageProps":{"_nextI18Next":{"initialI18nStore":{"en":{"download":{"canonical":"","h1":"A simple example en","change-locale":"Change locale to \"{{changeTo}}\"","to-second-page":"To second page","error-with-status":"A {{statusCode}} error occurred on server","error-without-status":"An error occurred on the server","title":"PicsArt Mod APK Free Download","dec":"Download PicsArt MOD APK Latest Version 2023 | PicsArt Mod APK Free Download picsart gold","updatedAt":"2023-02-06T09:48:00+00:00","createdAt":"2023-02-06T09:48:00+00:00","summary":"Download PicsArt MOD Photo Editor Latest Version for free.","summary-A":"PicsArt Gold APK (MOD/Premium Unlocked)","current-version":"Current Version","download":"Download","icon":"Icon","h2":"Picsart Mod APK Note: Login is Not Required to use Gold Features","disclaimer":"Disclaimer: PicsArt is a Registered Trademark of PicsArt Inc. we are using it only for Educational purposes.","p":"Now You have landed the Download Page of PicsArt Mod APK, But Before you start Downloading this Application let me tell you some important things.","p2":"According to Wikipedia Modding is an Art of Software development and it is totally Legal, however many Big Companies like Microsoft and Gameloft Said to mod their software. Modded Apps are only for Personal usage not for public usage, So make sure you will use them at your own risk.","p3":"Recommend you download it from the Google Play store and subscribe to their premium plans here. But if you are A Android Developer and Want to use this PicsArt Mod APK for Educational purposes then Download it from the below buttons"}}},"initialLocale":"en","ns":["download"],"userConfig":{"debug":false,"i18n":{"defaultLocale":"en","locales":["en","hi"]},"localePath":"C:\\xmapp-node\\picsart\\public\\locales","reloadOnPrerender":false,"default":{"debug":false,"i18n":{"defaultLocale":"en","locales":["en","hi"]},"localePath":"C:\\xmapp-node\\picsart\\public\\locales","reloadOnPrerender":false}}}},"__N_SSG":true}